{"GDP_economic_latest": {"mean": 36316.50043764705, "std": 45992.16906129086}, "NumMonuments_tourism_latest": {"mean": 5.305107542995698, "std": 4.411897529531834}, "Domestic_tourism_latest": {"mean": 980340.429286161, "std": 1450476.0709460257}, "Foreign_tourism_latest": {"mean": 13635.147866402622, "std": 40621.09346931295}, "20-24_TotalPopulation_education_latest": {"mean": 577920.7894736842, "std": 444884.0101582757}, "20-24_TotalMalePopulation_education_latest": {"mean": 303531.5789473684, "std": 244662.81494295955}, "20-24_TotalFemalePopulation_education_latest": {"mean": 274389.2105263158, "std": 201106.13999234306}, "20-24_Graduates_education_latest": {"mean": 121135.05263157895, "std": 106502.7854359133}, "20-24_MaleGraduates_education_latest": {"mean": 61663.89473684211, "std": 54657.22471498036}, "20-24_FemaleGraduates_education_latest": {"mean": 59471.15789473684, "std": 52215.017212232}, "25-29_TotalPopulation_education_latest": {"mean": 557963.7368421053, "std": 440950.00259551255}, "25-29_TotalMalePopulation_education_latest": {"mean": 287511.36842105264, "std": 237152.97653113896}, "25-29_TotalFemalePopulation_education_latest": {"mean": 270452.36842105264, "std": 204384.61822483674}, "25-29_Graduates_education_latest": {"mean": 149595.31578947368, "std": 137581.71775673804}, "25-29_MaleGraduates_education_latest": {"mean": 77199.8947368421, "std": 70992.48124499973}, "25-29_FemaleGraduates_education_latest": {"mean": 72395.42105263157, "std": 66920.52590890165}, "30-34_TotalPopulation_education_latest": {"mean": 478703.4736842105, "std": 366918.7649997337}, "30-34_TotalMalePopulation_education_latest": {"mean": 249427.52631578947, "std": 199196.1758112307}, "30-34_TotalFemalePopulation_education_latest": {"mean": 229275.94736842104, "std": 167982.3374609081}, "30-34_Graduates_education_latest": {"mean": 117250.68421052632, "std": 106180.43923961211}, "30-34_MaleGraduates_education_latest": {"mean": 63739.94736842105, "std": 57634.46356080292}, "30-34_FemaleGraduates_education_latest": {"mean": 53510.73684210526, "std": 48917.59646230712}, "35-59_TotalPopulation_education_latest": {"mean": 1579025.3684210526, "std": 1126312.2826514763}, "35-59_TotalMalePopulation_education_latest": {"mean": 826776.5789473684, "std": 607256.2404390309}, "35-59_TotalFemalePopulation_education_latest": {"mean": 752248.7894736842, "std": 519758.2733683439}, "35-59_Graduates_education_latest": {"mean": 310696.5263157895, "std": 275828.95563804446}, "35-59_MaleGraduates_education_latest": {"mean": 185222.52631578947, "std": 157855.52492367767}, "35-59_FemaleGraduates_education_latest": {"mean": 125474.0, "std": 119274.43634464736}, "60+_TotalPopulation_education_latest": {"mean": 470823.94736842107, "std": 303533.5982196431}, "60+_TotalMalePopulation_education_latest": {"mean": 234700.63157894736, "std": 151204.21454561618}, "60+_TotalFemalePopulation_education_latest": {"mean": 236123.31578947368, "std": 152832.53823023004}, "60+_Graduates_education_latest": {"mean": 64676.57894736842, "std": 58579.186216717506}, "60+_MaleGraduates_education_latest": {"mean": 45471.94736842105, "std": 38823.04942295332}, "60+_FemaleGraduates_education_latest": {"mean": 19204.63157894737, "std": 20142.478541658413}, "InhabitedVillages_population_latest": {"mean": 884.1578947368421, "std": 909.4956027722114}, "UninhabitedVillages_population_latest": {"mean": 44.31578947368421, "std": 62.39039512223635}, "Towns_population_latest": {"mean": 14.052631578947368, "std": 10.710709511774374}, "Households_population_latest": {"mean": 1056390.6315789474, "std": 749281.5056454054}, "Population_population_latest": {"mean": 4826401.263157895, "std": 3243969.97547177}, "MalePopulation_population_latest": {"mean": 2511619.736842105, "std": 1730328.3150903874}, "FemalePopulation_population_latest": {"mean": 2314781.5263157897, "std": 1516118.766050132}, "Area_population_latest": {"mean": 4440.842082163838, "std": 4790.910353262122}, "PopulationPerSqKm_population_latest": {"mean": 5709.356804189781, "std": 9035.306461047605}, "pop2023_population_latest": {"mean": 3918678.6315789474, "std": 4057636.8580679814}, "In_Out_Traffic_target": {"mean": 9872276.368421054, "std": 11984846.421343746}}