{"intercept": -1.0446003254716609e-16, "economic_pca1": 0.08454249913527609, "economic_pca2": 1.1657341758564144e-15, "tourism_pca1": -0.09996591537692666, "tourism_pca2": -0.011795167798042612, "education_pca1": 0.18771334358286768, "education_pca2": -0.09007354876578712, "population_pca1": -0.1737083104048703, "population_pca2": 0.16030023977978508}