{"GDP_economic_latest": {"mean": 22543.919753725488, "std": 27504.449535112413}, "NumMonuments_tourism_latest": {"mean": 2.1218819475228097, "std": 3.064588207147807}, "Domestic_tourism_latest": {"mean": 394985.664147055, "std": 862554.6644067657}, "Foreign_tourism_latest": {"mean": 4943.331824153056, "std": 23350.702189789987}, "20-24_TotalPopulation_education_latest": {"mean": 412935.6935483871, "std": 296007.5126325974}, "20-24_TotalMalePopulation_education_latest": {"mean": 215674.38709677418, "std": 162005.01857388983}, "20-24_TotalFemalePopulation_education_latest": {"mean": 197261.3064516129, "std": 134967.02814034137}, "20-24_Graduates_education_latest": {"mean": 70133.59677419355, "std": 69739.21172563848}, "20-24_MaleGraduates_education_latest": {"mean": 35912.83870967742, "std": 35822.583640698926}, "20-24_FemaleGraduates_education_latest": {"mean": 34220.75806451613, "std": 34270.688324269126}, "25-29_TotalPopulation_education_latest": {"mean": 385777.03225806454, "std": 290122.92851445265}, "25-29_TotalMalePopulation_education_latest": {"mean": 197229.87096774194, "std": 155267.65809469976}, "25-29_TotalFemalePopulation_education_latest": {"mean": 188547.16129032258, "std": 135428.90009191062}, "25-29_Graduates_education_latest": {"mean": 81074.66129032258, "std": 89790.12710120533}, "25-29_MaleGraduates_education_latest": {"mean": 42525.01612903226, "std": 46253.905657860865}, "25-29_FemaleGraduates_education_latest": {"mean": 38549.645161290326, "std": 43895.895148877025}, "30-34_TotalPopulation_education_latest": {"mean": 333643.43548387097, "std": 242716.72801711014}, "30-34_TotalMalePopulation_education_latest": {"mean": 171090.53225806452, "std": 131077.70768113688}, "30-34_TotalFemalePopulation_education_latest": {"mean": 162552.90322580645, "std": 111967.92676325935}, "30-34_Graduates_education_latest": {"mean": 61833.75806451613, "std": 70130.07200036639}, "30-34_MaleGraduates_education_latest": {"mean": 34027.06451612903, "std": 38029.59992757625}, "30-34_FemaleGraduates_education_latest": {"mean": 27806.6935483871, "std": 32422.23777412036}, "35-59_TotalPopulation_education_latest": {"mean": 1148476.7580645161, "std": 759956.2024452934}, "35-59_TotalMalePopulation_education_latest": {"mean": 593584.9838709678, "std": 407522.8783850816}, "35-59_TotalFemalePopulation_education_latest": {"mean": 554891.7741935484, "std": 353376.9874535571}, "35-59_Graduates_education_latest": {"mean": 163731.0483870968, "std": 183753.93851645492}, "35-59_MaleGraduates_education_latest": {"mean": 100848.0, "std": 105852.06977200018}, "35-59_FemaleGraduates_education_latest": {"mean": 62883.04838709677, "std": 78915.63028010241}, "60+_TotalPopulation_education_latest": {"mean": 359395.53225806454, "std": 211598.93560508254}, "60+_TotalMalePopulation_education_latest": {"mean": 176011.79032258064, "std": 105968.00344445721}, "60+_TotalFemalePopulation_education_latest": {"mean": 183383.74193548388, "std": 106406.77147177742}, "60+_Graduates_education_latest": {"mean": 31642.66129032258, "std": 39605.70159026558}, "60+_MaleGraduates_education_latest": {"mean": 23099.59677419355, "std": 26578.520330016574}, "60+_FemaleGraduates_education_latest": {"mean": 8543.064516129032, "std": 13262.020115229545}, "InhabitedVillages_population_latest": {"mean": 989.6451612903226, "std": 780.4784807479507}, "UninhabitedVillages_population_latest": {"mean": 51.12903225806452, "std": 74.68940800341493}, "Towns_population_latest": {"mean": 22.983870967741936, "std": 18.497223482816057}, "Households_population_latest": {"mean": 840016.6129032258, "std": 518214.025730978}, "Population_population_latest": {"mean": 3947764.8225806453, "std": 2251786.198468189}, "MalePopulation_population_latest": {"mean": 2041100.7258064516, "std": 1198177.1242323935}, "FemalePopulation_population_latest": {"mean": 1906664.0967741935, "std": 1057046.6996628337}, "Area_population_latest": {"mean": 6578.4498073163095, "std": 5732.954749844567}, "PopulationPerSqKm_population_latest": {"mean": 2389.1118624910832, "std": 5517.294625282088}, "pop2023_population_latest": {"mean": 1946881.1475409837, "std": 2652786.0091027464}, "In_Out_Traffic_target": {"mean": 3669445.080645161, "std": 7778931.275001156}}