{"intercept": 8.395227804736244e-17, "economic_pca1": 0.06699680145870476, "economic_pca2": 5.551115123125783e-17, "tourism_pca1": -0.04266959449726855, "tourism_pca2": -0.028508040260644834, "education_pca1": 0.1718612086320954, "education_pca2": -0.15583054670483668, "population_pca1": -0.09476369424719448, "population_pca2": 0.124285106899966}