{"intercept": 8.572945350949486e-17, "economic_pca1": 0.052262870836909676, "economic_pca2": 0.0, "tourism_pca1": 0.00986404060617142, "tourism_pca2": -0.04664249272430205, "education_pca1": 0.16599270125531995, "education_pca2": -0.1593367546549455, "population_pca1": -0.08019920079334203, "population_pca2": 0.11397508157243777}