{"intercept": 2.369054386239406e-17, "NumTrains_Railways": -0.10577706127102189, "Duration_Railways": 0.00028959847264478644, "Capacity_Railways": 0.046234959130022804, "Duration_AirRoute": -0.1013865461458048, "City_economic_pca1_avg_PCA": -0.09155287929859504, "City_economic_pca1_diff_PCA": -0.003236369827053516, "City_economic_pca2_avg_PCA": -1.5265566588595902e-16, "City_economic_pca2_diff_PCA": -1.1102230246251565e-16, "City_tourism_pca1_avg_PCA": -0.031051428862925935, "City_tourism_pca1_diff_PCA": 0.0008708678916673138, "City_tourism_pca2_avg_PCA": -0.05197949692236783, "City_tourism_pca2_diff_PCA": -0.00021886865093989578, "City_education_pca1_avg_PCA": 0.5378427398000446, "City_education_pca1_diff_PCA": 0.0022211293526344963, "City_education_pca2_avg_PCA": -0.21088025588757345, "City_education_pca2_diff_PCA": 0.0005729213213343363, "City_population_pca1_avg_PCA": 0.10594852929663294, "City_population_pca1_diff_PCA": -0.003476546046769, "City_population_pca2_avg_PCA": 0.1884269375922303, "City_population_pca2_diff_PCA": 0.0007432235410046405}