{"intercept": 1.291236874605434e-18, "NumTrains_Railways": -0.09717625121921063, "Duration_Railways": -0.07901596513409453, "Capacity_Railways": -0.06344033884282506, "Duration_AirRoute": -0.04563674042500195, "City_economic_pca1_avg_PCA": -0.08415738946840509, "City_economic_pca1_diff_PCA": -0.0020676407562443644, "City_economic_pca2_avg_PCA": -4.440892098500626e-16, "City_economic_pca2_diff_PCA": -1.6653345369377348e-16, "City_tourism_pca1_avg_PCA": -0.1407794538898088, "City_tourism_pca1_diff_PCA": 0.0023592076154355522, "City_tourism_pca2_avg_PCA": -0.02347808413470282, "City_tourism_pca2_diff_PCA": -0.0012081356810697205, "City_education_pca1_avg_PCA": 0.904089869491378, "City_education_pca1_diff_PCA": 0.0007612649710025507, "City_education_pca2_avg_PCA": -0.006138523921352509, "City_education_pca2_diff_PCA": -0.00596259086126755, "City_population_pca1_avg_PCA": -0.13974804263604396, "City_population_pca1_diff_PCA": -0.007587145662500677, "City_population_pca2_avg_PCA": 0.32365901186310353, "City_population_pca2_diff_PCA": 0.003452166860403431}