{"intercept": 3.6078600471998176e-17, "NumTrains_Railways": -0.15292758994390127, "Duration_Railways": 0.004043671308763763, "Capacity_Railways": 0.0826568116567663, "Duration_AirRoute": -0.11128025194938232, "City_economic_pca1_avg_PCA": -0.09489433482220043, "City_economic_pca1_diff_PCA": -0.0034293938532638226, "City_economic_pca2_avg_PCA": 0.0, "City_economic_pca2_diff_PCA": 0.0, "City_tourism_pca1_avg_PCA": -0.02663047504128478, "City_tourism_pca1_diff_PCA": 0.0007555323213998311, "City_tourism_pca2_avg_PCA": -0.05530057066237727, "City_tourism_pca2_diff_PCA": -0.00030793268493235244, "City_education_pca1_avg_PCA": 0.5410833127349658, "City_education_pca1_diff_PCA": 0.0020021700721585163, "City_education_pca2_avg_PCA": -0.2077593456050288, "City_education_pca2_diff_PCA": 0.00011501669756063732, "City_population_pca1_avg_PCA": 0.10787282859097191, "City_population_pca1_diff_PCA": -0.0031619767144371678, "City_population_pca2_avg_PCA": 0.19122279887856602, "City_population_pca2_diff_PCA": 0.0005794899541740461}