{"Passengers_Target": {"mean": 233048.3041958042, "std": 376442.50962123246}, "NumTrains_Railways": {"mean": 6.573426573426573, "std": 9.04490901527426}, "Duration_Railways": {"mean": 1529.3473428872644, "std": 633.308575646809}, "Capacity_Railways": {"mean": 8322.262443438914, "std": 7749.92126021761}, "Duration_AirRoute": {"mean": 121.66836484970439, "std": 36.57075683184483}, "City_economic_pca1_avg_PCA": {"mean": 0.09301740144804838, "std": 0.6929798837991951}, "City_economic_pca1_diff_PCA": {"mean": 0.0, "std": 1.5411979517046837}, "City_economic_pca2_avg_PCA": {"mean": 0.0, "std": 0.0}, "City_economic_pca2_diff_PCA": {"mean": 0.0, "std": 0.0}, "City_tourism_pca1_avg_PCA": {"mean": 0.09568012587126129, "std": 0.9315476569967663}, "City_tourism_pca1_diff_PCA": {"mean": 2.4844151600003503e-17, "std": 2.0242469974801214}, "City_tourism_pca2_avg_PCA": {"mean": 0.03997221930751355, "std": 0.6959703245331499}, "City_tourism_pca2_diff_PCA": {"mean": -2.4844151600003503e-17, "std": 1.4841625922273174}, "City_education_pca1_avg_PCA": {"mean": 0.6706084801375565, "std": 3.5457385688964327}, "City_education_pca1_diff_PCA": {"mean": -2.4844151600003503e-17, "std": 8.256520336391961}, "City_education_pca2_avg_PCA": {"mean": 0.022584422895222302, "std": 0.5453010541344845}, "City_education_pca2_diff_PCA": {"mean": 3.7266227400005256e-17, "std": 1.1759639207448835}, "City_population_pca1_avg_PCA": {"mean": 0.18165502666091113, "std": 1.4522749462209565}, "City_population_pca1_diff_PCA": {"mean": -4.9688303200007006e-17, "std": 3.2292362700018997}, "City_population_pca2_avg_PCA": {"mean": 0.19801467826852373, "std": 1.2296699416738628}, "City_population_pca2_diff_PCA": {"mean": 9.937660640001401e-17, "std": 2.8019179359003465}}