{"Passengers_Target": {"mean": 102070.0166015625, "std": 234495.56452768587}, "NumTrains_Railways": {"mean": 8.9755859375, "std": 14.919935873181918}, "Duration_Railways": {"mean": 1319.7457368484606, "std": 677.0706238285175}, "Capacity_Railways": {"mean": 10852.073170731708, "std": 13127.902428255491}, "Duration_AirRoute": {"mean": 112.83525112333803, "std": 37.63139107291316}, "City_economic_pca1_avg_PCA": {"mean": 0.43142931471778345, "std": 1.0437878612329408}, "City_economic_pca1_diff_PCA": {"mean": 4.163336342344337e-17, "std": 2.3378904895173784}, "City_economic_pca2_avg_PCA": {"mean": 0.0, "std": 0.0}, "City_economic_pca2_diff_PCA": {"mean": 0.0, "std": 0.0}, "City_tourism_pca1_avg_PCA": {"mean": 0.27897855643947755, "std": 0.9760763909246318}, "City_tourism_pca1_diff_PCA": {"mean": 0.0, "std": 2.1036172759350222}, "City_tourism_pca2_avg_PCA": {"mean": -0.00392082764079868, "std": 0.8932772428693174}, "City_tourism_pca2_diff_PCA": {"mean": 2.7755575615628914e-17, "std": 1.8296148111972677}, "City_education_pca1_avg_PCA": {"mean": 3.1459424226147203, "std": 4.898796563364255}, "City_education_pca1_diff_PCA": {"mean": 2.220446049250313e-16, "std": 12.143259960238526}, "City_education_pca2_avg_PCA": {"mean": -0.3603877207754288, "std": 0.7955980383160378}, "City_education_pca2_diff_PCA": {"mean": 0.0, "std": 1.725778593672447}, "City_population_pca1_avg_PCA": {"mean": 0.7920197842180671, "std": 1.9227888676259648}, "City_population_pca1_diff_PCA": {"mean": 0.0, "std": 4.24891216154469}, "City_population_pca2_avg_PCA": {"mean": 0.8214858894678081, "std": 1.2928252463856245}, "City_population_pca2_diff_PCA": {"mean": 2.7755575615628914e-17, "std": 3.20237045425458}}