{"intercept": 2.858517070159409e-17, "NumTrains_Railways": -0.1468976133960484, "Duration_Railways": 0.0021186681565620036, "Capacity_Railways": 0.07873182870103355, "Duration_AirRoute": -0.11560003497937277, "City_economic_pca1_avg_PCA": -0.06934419880564273, "City_economic_pca1_diff_PCA": -0.0030398178523000537, "City_economic_pca2_avg_PCA": -5.551115123125783e-17, "City_economic_pca2_diff_PCA": -1.1102230246251565e-16, "City_tourism_pca1_avg_PCA": -0.10253503816112604, "City_tourism_pca1_diff_PCA": -0.0002400773490578666, "City_tourism_pca2_avg_PCA": -0.03554063032842588, "City_tourism_pca2_diff_PCA": 0.00011886134982306933, "City_education_pca1_avg_PCA": 0.5871027162261687, "City_education_pca1_diff_PCA": 0.0025923362305369925, "City_education_pca2_avg_PCA": -0.19413751291096318, "City_education_pca2_diff_PCA": 0.00010941750116244507, "City_population_pca1_avg_PCA": 0.06713880675396519, "City_population_pca1_diff_PCA": -0.0037442693731026704, "City_population_pca2_avg_PCA": 0.21155415879678288, "City_population_pca2_diff_PCA": 0.0008268116109630219}